{"cameraMode":{"drawMode":0,"name":"Shaded","section":"Shading Mode"},"sceneLighting":false,"audioPlay":false,"sceneViewState":{"m_AlwaysRefresh":false,"showFog":true,"showSkybox":false,"showFlares":true,"showImageEffects":true,"showParticleSystems":true,"showVisualEffectGraphs":true,"m_FxEnabled":true},"in2DMode":false,"pivot":{"x":0.7005390524864197,"y":1.3052645921707154,"z":0.0051431357860565189},"rotation":{"x":-0.05376917123794556,"y":0.39254099130630495,"z":-0.022964544594287874,"w":-0.9179020524024963},"size":2.141709089279175,"orthographic":false}