{"cameraMode":{"drawMode":0,"name":"Shaded","section":"Shading Mode"},"sceneLighting":false,"audioPlay":false,"sceneViewState":{"m_AlwaysRefresh":false,"showFog":true,"showSkybox":false,"showFlares":true,"showImageEffects":true,"showParticleSystems":true,"showVisualEffectGraphs":true,"m_FxEnabled":true},"in2DMode":false,"pivot":{"x":558.8558959960938,"y":20.10169792175293,"z":195.62673950195313},"rotation":{"x":0.12505367398262025,"y":0.21574802696704865,"z":0.025017963722348214,"w":-0.968612015247345},"size":1.9510982036590577,"orthographic":false}