{"cameraMode":{"drawMode":0,"name":"Shaded","section":"Shading Mode"},"sceneLighting":false,"audioPlay":false,"sceneViewState":{"m_AlwaysRefresh":false,"showFog":true,"showSkybox":false,"showFlares":true,"showImageEffects":true,"showParticleSystems":true,"showVisualEffectGraphs":true,"m_FxEnabled":true},"in2DMode":false,"pivot":{"x":-0.5107119083404541,"y":1.4412426948547364,"z":-0.0057216063141822819},"rotation":{"x":-0.010466615669429303,"y":0.9836308360099793,"z":-0.0605648048222065,"w":-0.1695384532213211},"size":1.5516821146011353,"orthographic":false}